<?xml version="1.0" encoding="UTF-8"?>
<project-private xmlns="http://www.netbeans.org/ns/project-private/1">
    <editor-bookmarks xmlns="http://www.netbeans.org/ns/editor-bookmarks/2" lastBookmarkId="0"/>
    <open-files xmlns="http://www.netbeans.org/ns/projectui-open-files/2">
        <group>
            <file>file:/D:/xampp/htdocs/mentor-locator/app/Admin/resources/views/cms/edit-faq.blade.php</file>
            <file>file:/D:/xampp/htdocs/mentor-locator/app/Admin/resources/views/cms/faq.blade.php</file>
            <file>file:/D:/xampp/htdocs/mentor-locator/app/Admin/resources/views/include/side-menu.blade.php</file>
            <file>file:/D:/xampp/htdocs/mentor-locator/app/Repositories/Admin/CmsRepository.php</file>
            <file>file:/D:/xampp/htdocs/mentor-locator/app/Admin/resources/views/cms/add-faq.blade.php</file>
            <file>file:/D:/xampp/htdocs/mentor-locator/app/Admin/routes/web.php</file>
            <file>file:/D:/xampp/htdocs/mentor-locator/app/Admin/Http/Controllers/CmsController.php</file>
            <file>file:/D:/xampp/htdocs/mentor-locator/app/Admin/resources/views/ajax-content/cms/_faq-list.blade.php</file>
        </group>
    </open-files>
</project-private>
